title,genre,description,rating,year,poster
Avengers,Action Superhero,"Superheroes join together to save the world from a powerful enemy",8.0,2012,"images/avengers.jpg"
Iron Man,Action Superhero,"A genius billionaire builds a powerful armored suit and becomes a superhero",7.9,2008,"images/ironman.jpg"
Captain America,Action Superhero,"A brave soldier becomes a superhero and fights against dangerous enemies",6.9,2011,"images/captainamerica.jpg"
Thor,Action Fantasy,"A powerful god from another world protects Earth from evil forces",7.0,2011,"images/thor.jpg"
Spider-Man,Action Superhero,"A young student gets special powers and uses them to fight criminals",7.4,2002,"images/spiderman.jpg"
Batman,Action Crime,"A mysterious hero fights crime and protects the city from dangerous villains",7.5,1989,"images/batman.jpg"
Superman,Action Superhero,"A powerful superhero uses his abilities to protect humanity",7.4,1978,"images/superman.jpg"
Avatar,Science Fiction Fantasy,"A marine travels to an alien planet and becomes involved with its people",7.8,2009,"images/avatar.jpg"
Interstellar,Science Fiction Drama,"A group of astronauts travels through space to find a new home for humanity",8.7,2014,"images/interstellar.jpg"
Inception,Science Fiction Thriller,"A skilled thief enters people's dreams to steal and plant ideas",8.8,2010,"images/inception.jpg"
The Matrix,Science Fiction Action,"A hacker discovers that reality is actually a computer-generated simulation",8.7,1999,"images/matrix.jpg"
Titanic,Romance Drama,"A young couple from different social backgrounds fall in love during a tragic voyage",7.9,1997,"images/titanic.jpg"
The Notebook,Romance Drama,"A man tells the story of a passionate love that survives many challenges",7.8,2004,"images/notebook.jpg"
Jurassic Park,Science Fiction Adventure,"Scientists create dinosaurs in a theme park but lose control of them",8.2,1993,"images/jurassicpark.jpg"
The Dark Knight,Action Crime Thriller,"A superhero faces a dangerous criminal who creates chaos in the city",9.0,2008,"images/darkknight.jpg"